Workbook

Sheet Level Balance
A1: Parameter | B1: Category | C1: Tutorial | D1: Level 1 | E1: Level 2 | F1: Level 3 | G1: Level 4 | H1: Level 5
A2: Total Play Time (sec) | B2: Core Settings | C2: 300 | D2: 120 | E2: 135 | F2: 150 | G2: 165 | H2: 180
A3: Player Max Health | B3: Core Settings | C3: 999 | D3: 115 | E3: 118 | F3: 128 | G3: 135 | H3: 140
A4: Danger Threshold (%) | B4: Core Settings | C4: 1 | D4: 25 | E4: 25 | F4: 20 | G4: 20 | H4: 20
A5: Max Cells (population cap) | B5: Core Settings | C5: 20 | D5: 115 | E5: 135 | F5: 165 | G5: 180 | H5: 195
A6: Cancer Damage Interval (sec) | B6: Core Settings | C6: 999 | D6: 6 | E6: 5.5 | F6: 5.2 | G6: 5 | H6: 5
A7: Max Attackers Per Cancer Cell | B7: Core Settings | C7: 6 | D7: 3 | E7: 3 | F7: 2 | G7: 2 | H7: 2
A8: Allow Cancer Cell Dragging | B8: Core Settings | C8: 0 | D8: 1 | E8: 1 | F8: 1 | G8: 1 | H8: 0
A9: Cancer Cells Can Attack Healthy | B9: Core Settings | C9: 0 | D9: 0 | E9: 0 | F9: 0 | G9: 1 | H9: 1
A10: Win If All Cancer Destroyed Early | B10: Core Settings | C10: 1 | D10: 1 | E10: 1 | F10: 1 | G10: 1 | H10: 1
A11: R-Cell Share (%) | B11: Cell Distribution (%) | C11: 34 | D11: 60 | E11: 55 | F11: 50 | G11: 48 | H11: 45
A12: T-Cell Share (%) | B12: Cell Distribution (%) | C12: 17 | D12: 13 | E12: 15 | F12: 17 | G12: 18 | H12: 19
A13: K-Cell Share (%) | B13: Cell Distribution (%) | C13: 17 | D13: 11 | E13: 12 | F13: 14 | G13: 15 | H13: 16
... A36: Healthy Cell HP -- K-Cell (counter-attack) | B36: Counter-Attack (Advanced Levels) | C36: 0 | D36: 0 | E36: 0 | F36: 0 | G36: 28 | H36: 20
A38: Note: rows shaded gray are structural/won’t vary with difficulty (e.g. a win-condition rule that is identical across levels) and are excluded from the Difficulty Weighting and Difficulty Score sheets. Tutorial values are intentionally extreme/trivial (e.g. 999s cooldowns) and are excluded from the min/max normalization used to compute the Difficulty Score.

Sheet Difficulty Weighting
A1: Parameter | B1: Category | C1: Effect As Value Increases | D1: Weight (1-5) | E1: Rationale
A2: Total Play Time (sec) | B2: Core Settings | C2: Increases | D2: 2 | E2: Longer runs give cancer more time to split and chip away at player health; net effect is more cumulative pressure despite also giving the player more time to react.
A3: Player Max Health | B3: Core Settings | C3: Decreases | D3: 5 | E3: Bigger health pool is a bigger buffer against cancer damage ticks and counter-attacks.
A4: Danger Threshold (%) | B4: Core Settings | C4: Increases | D4: 4 | E4: A higher danger threshold shrinks the safety margin before an INSTANT loss -- the game ends the moment health drops to or below this threshold, any time, not just at time-out.
A5: Max Cells (population cap) | B5: Core Settings | C5: Increases | D5: 3 | E5: Raises the ceiling both sides can split up to, but in a 120s match this cap is rarely the binding constraint -- population growth is limited by split-time pacing long before it is limited by this cap.
A6: Cancer Damage Interval (sec) | B6: Core Settings | C6: Decreases | D6: 5 | E6: Controls how often the passive health-drain tick fires, which is what actually triggers the instant danger-threshold loss -- a SMALLER value means MORE FREQUENT ticks, so difficulty moves opposite to the number.
A7: Max Attackers Per Cancer Cell | B7: Core Settings | C7: Decreases | D7: 4 | E7: Caps how many T/K-cells can pile onto one cancer cell at once. A SMALLER cap forces more spread-out, sequential attacks, so difficulty moves opposite to the number.
A8: Allow Cancer Cell Dragging | B8: Core Settings | C8: Decreases | D8: 4 | E8: When the player can drag cancer cells into a cluster of healthy cells, attachment is trivial. Disabled (Level 5) forces bringing attackers to a stationary target instead.
A9: Cancer Cells Can Attack Healthy | B9: Core Settings | C9: Increases | D9: 5 | E9: A binary toggle that opens an entirely new attrition mechanic: attached healthy cells now take continuous damage back and can die mid-fight, fundamentally changing the risk of every attachment (Levels 4-5 only).
A10: R-Cell Share (%) | B10: Cell Distribution (%) | C10: Increases | D10: 2 | E10: R-cells are inert filler with no attack. A bigger R-cell share crowds out the T/K attacker population at a fixed total cell count.
A11: T-Cell Share (%) | B11: Cell Distribution (%) | C11: Decreases | D11: 4 | E11: Directly sets how large the T-cell army is -- a linear multiplier on total offensive output against the Cancer Cell.
A12: K-Cell Share (%) | B12: Cell Distribution (%) | C12: Decreases | D12: 4 | E12: Directly sets how large the K-cell army is -- a linear multiplier on total offensive output against the Smart Cancer Cell.
A13: Cancer Cell Share (%) | B13: Cell Distribution (%) | C13: Increases | D13: 5 | E13: Directly sets the size of the visible-cancer population -- a linear multiplier on total enemy HP that must be cleared.
... A35: Healthy Cell HP -- K-Cell (counter-attack) | B35: Counter-Attack (Advanced Levels) | C35: Decreases | D35: 3 | E35: How much punishment a K-cell can absorb from counter-attack before dying. Zero (invulnerable) where the mechanic is off.
A37: Weight is a 1-5 design judgment (5 = swings outcomes the most), not derived from gameplay telemetry. "Effect As Value Increases" states which way difficulty moves as the raw number goes up -- for a couple of parameters (Cancer Damage Interval, Max Attackers Per Cancer Cell, split times on cancer cells) that direction is intentionally inverted; see each row’s rationale.

Sheet Difficulty Score
A1: Parameter | B1: LB Row | C1: Weight | D1: Sign | E1: Min (L1-L5) | F1: Max (L1-L5) | G1: Level 1 | H1: Level 2 | I1: Level 3 | J1: Level 4 | K1: Level 5
A2: Total Play Time (sec) | B2: =MATCH($A2,'Level Balance'!$A:$A,0) | C2: =INDEX('Difficulty Weighting'!$D:$D,MATCH($A2,'Difficulty Weighting'!$A:$A,0)) | D2: =IF(INDEX('Difficulty Weighting'!$C:$C,MATCH($A2,'Difficulty Weighting'!$A:$A,0))="Increases",1,IF(INDEX('Difficulty Weighting'!$C:$C,MATCH($A2,'Difficulty Weighting'!$A:$A,0))="Decreases",-1,0)) | E2: =MIN(INDEX('Level Balance'!$D:$H,$B2,1):INDEX('Level Balance'!$D:$H,$B2,5)) | F2: =MAX(INDEX('Level Balance'!$D:$H,$B2,1):INDEX('Level Balance'!$D:$H,$B2,5)) | G2: =ROUND(IFERROR((INDEX('Level Balance'!$D:$H,$B2,1)-$E2)/($F2-$E2),0)*$C2*$D2,4) | H2: =ROUND(IFERROR((INDEX('Level Balance'!$D:$H,$B2,2)-$E2)/($F2-$E2),0)*$C2*$D2,4) | I2: =ROUND(IFERROR((INDEX('Level Balance'!$D:$H,$B2,3)-$E2)/($F2-$E2),0)*$C2*$D2,4) | J2: =ROUND(IFERROR((INDEX('Level Balance'!$D:$H,$B2,4)-$E2)/($F2-$E2),0)*$C2*$D2,4) | K2: =ROUND(IFERROR((INDEX('Level Balance'!$D:$H,$B2,5)-$E2)/($F2-$E2),0)*$C2*$D2,4)
A3: Player Max Health | B3: =MATCH($A3,'Level Balance'!$A:$A,0) | C3: =INDEX('Difficulty Weighting'!$D:$D,MATCH($A3,'Difficulty Weighting'!$A:$A,0)) | D3: =IF(INDEX('Difficulty Weighting'!$C:$C,MATCH($A3,'Difficulty Weighting'!$A:$A,0))="Increases",1,IF(INDEX('Difficulty Weighting'!$C:$C,MATCH($A3,'Difficulty Weighting'!$A:$A,0))="Decreases",-1,0)) | E3: =MIN(INDEX('Level Balance'!$D:$H,$B3,1):INDEX('Level Balance'!$D:$H,$B3,5)) | F3: =MAX(INDEX('Level Balance'!$D:$H,$B3,1):INDEX('Level Balance'!$D:$H,$B3,5)) | G3: =ROUND(IFERROR((INDEX('Level Balance'!$D:$H,$B3,1)-$E3)/($F3-$E3),0)*$C3*$D3,4) | H3: =ROUND(IFERROR((INDEX('Level Balance'!$D:$H,$B3,2)-$E3)/($F3-$E3),0)*$C3*$D3,4) | I3: =ROUND(IFERROR((INDEX('Level Balance'!$D:$H,$B3,3)-$E3)/($F3-$E3),0)*$C3*$D3,4) | J3: =ROUND(IFERROR((INDEX('Level Balance'!$D:$H,$B3,4)-$E3)/($F3-$E3),0)*$C3*$D3,4) | K3: =ROUND(IFERROR((INDEX('Level Balance'!$D:$H,$B3,5)-$E3)/($F3-$E3),0)*$C3*$D3,4)
A4: Danger Threshold (%) | B4: =MATCH($A4,'Level Balance'!$A:$A,0) | C4: =INDEX('Difficulty Weighting'!$D:$D,MATCH($A4,'Difficulty Weighting'!$A:$A,0)) | D4: =IF(INDEX('Difficulty Weighting'!$C:$C,MATCH($A4,'Difficulty Weighting'!$A:$A,0))="Increases",1,IF(INDEX('Difficulty Weighting'!$C:$C,MATCH($A4,'Difficulty Weighting'!$A:$A,0))="Decreases",-1,0)) | E4: =MIN(INDEX('Level Balance'!$D:$H,$B4,1):INDEX('Level Balance'!$D:$H,$B4,5)) | F4: =MAX(INDEX('Level Balance'!$D:$H,$B4,1):INDEX('Level Balance'!$D:$H,$B4,5)) | G4: =ROUND(IFERROR((INDEX('Level Balance'!$D:$H,$B4,1)-$E4)/($F4-$E4),0)*$C4*$D4,4) | H4: =ROUND(IFERROR((INDEX('Level Balance'!$D:$H,$B4,2)-$E4)/($F4-$E4),0)*$C4*$D4,4) | I4: =ROUND(IFERROR((INDEX('Level Balance'!$D:$H,$B4,3)-$E4)/($F4-$E4),0)*$C4*$D4,4) | J4: =ROUND(IFERROR((INDEX('Level Balance'!$D:$H,$B4,4)-$E4)/($F4-$E4),0)*$C4*$D4,4) | K4: =ROUND(IFERROR((INDEX('Level Balance'!$D:$H,$B4,5)-$E4)/($F4-$E4),0)*$C4*$D4,4)
A5: Max Cells (population cap) | B5: =MATCH($A5,'Level Balance'!$A:$A,0) | C5: =INDEX('Difficulty Weighting'!$D:$D,MATCH($A5,'Difficulty Weighting'!$A:$A,0)) | D5: =IF(INDEX('Difficulty Weighting'!$C:$C,MATCH($A5,'Difficulty Weighting'!$A:$A,0))="Increases",1,IF(INDEX('Difficulty Weighting'!$C:$C,MATCH($A5,'Difficulty Weighting'!$A:$A,0))="Decreases",-1,0)) | E5: =MIN(INDEX('Level Balance'!$D:$H,$B5,1):INDEX('Level Balance'!$D:$H,$B5,5)) | F5: =MAX(INDEX('Level Balance'!$D:$H,$B5,1):INDEX('Level Balance'!$D:$H,$B5,5)) | G5: =ROUND(IFERROR((INDEX('Level Balance'!$D:$H,$B5,1)-$E5)/($F5-$E5),0)*$C5*$D5,4) | H5: =ROUND(IFERROR((INDEX('Level Balance'!$D:$H,$B5,2)-$E5)/($F5-$E5),0)*$C5*$D5,4) | I5: =ROUND(IFERROR((INDEX('Level Balance'!$D:$H,$B5,3)-$E5)/($F5-$E5),0)*$C5*$D5,4) | J5: =ROUND(IFERROR((INDEX('Level Balance'!$D:$H,$B5,4)-$E5)/($F5-$E5),0)*$C5*$D5,4) | K5: =ROUND(IFERROR((INDEX('Level Balance'!$D:$H,$B5,5)-$E5)/($F5-$E5),0)*$C5*$D5,4)
A6: Cancer Damage Interval (sec) | B6: =MATCH($A6,'Level Balance'!$A:$A,0) | C6: =INDEX('Difficulty Weighting'!$D:$D,MATCH($A6,'Difficulty Weighting'!$A:$A,0)) | D6: =IF(INDEX('Difficulty Weighting'!$C:$C,MATCH($A6,'Difficulty Weighting'!$A:$A,0))="Increases",1,IF(INDEX('Difficulty Weighting'!$C:$C,MATCH($A6,'Difficulty Weighting'!$A:$A,0))="Decreases",-1,0)) | E6: =MIN(INDEX('Level Balance'!$D:$H,$B6,1):INDEX('Level Balance'!$D:$H,$B6,5)) | F6: =MAX(INDEX('Level Balance'!$D:$H,$B6,1):INDEX('Level Balance'!$D:$H,$B6,5)) | G6: =ROUND(IFERROR((INDEX('Level Balance'!$D:$H,$B6,1)-$E6)/($F6-$E6),0)*$C6*$D6,4) | H6: =ROUND(IFERROR((INDEX('Level Balance'!$D:$H,$B6,2)-$E6)/($F6-$E6),0)*$C6*$D6,4) | I6: =ROUND(IFERROR((INDEX('Level Balance'!$D:$H,$B6,3)-$E6)/($F6-$E6),0)*$C6*$D6,4) | J6: =ROUND(IFERROR((INDEX('Level Balance'!$D:$H,$B6,4)-$E6)/($F6-$E6),0)*$C6*$D6,4) | K6: =ROUND(IFERROR((INDEX('Level Balance'!$D:$H,$B6,5)-$E6)/($F6-$E6),0)*$C6*$D6,4)
A7: Max Attackers Per Cancer Cell | B7: =MATCH($A7,'Level Balance'!$A:$A,0) | C7: =INDEX('Difficulty Weighting'!$D:$D,MATCH($A7,'Difficulty Weighting'!$A:$A,0)) | D7: =IF(INDEX('Difficulty Weighting'!$C:$C,MATCH($A7,'Difficulty Weighting'!$A:$A,0))="Increases",1,IF(INDEX('Difficulty Weighting'!$C:$C,MATCH($A7,'Difficulty Weighting'!$A:$A,0))="Decreases",-1,0)) | E7: =MIN(INDEX('Level Balance'!$D:$H,$B7,1):INDEX('Level Balance'!$D:$H,$B7,5)) | F7: =MAX(INDEX('Level Balance'!$D:$H,$B7,1):INDEX('Level Balance'!$D:$H,$B7,5)) | G7: =ROUND(IFERROR((INDEX('Level Balance'!$D:$H,$B7,1)-$E7)/($F7-$E7),0)*$C7*$D7,4) | H7: =ROUND(IFERROR((INDEX('Level Balance'!$D:$H,$B7,2)-$E7)/($F7-$E7),0)*$C7*$D7,4) | I7: =ROUND(IFERROR((INDEX('Level Balance'!$D:$H,$B7,3)-$E7)/($F7-$E7),0)*$C7*$D7,4) | J7: =ROUND(IFERROR((INDEX('Level Balance'!$D:$H,$B7,4)-$E7)/($F7-$E7),0)*$C7*$D7,4) | K7: =ROUND(IFERROR((INDEX('Level Balance'!$D:$H,$B7,5)-$E7)/($F7-$E7),0)*$C7*$D7,4)
A8: Allow Cancer Cell Dragging | B8: =MATCH($A8,'Level Balance'!$A:$A,0) | C8: =INDEX('Difficulty Weighting'!$D:$D,MATCH($A8,'Difficulty Weighting'!$A:$A,0)) | D8: =IF(INDEX('Difficulty Weighting'!$C:$C,MATCH($A8,'Difficulty Weighting'!$A:$A,0))="Increases",1,IF(INDEX('Difficulty Weighting'!$C:$C,MATCH($A8,'Difficulty Weighting'!$A:$A,0))="Decreases",-1,0)) | E8: =MIN(INDEX('Level Balance'!$D:$H,$B8,1):INDEX('Level Balance'!$D:$H,$B8,5)) | F8: =MAX(INDEX('Level Balance'!$D:$H,$B8,1):INDEX('Level Balance'!$D:$H,$B8,5)) | G8: =ROUND(IFERROR((INDEX('Level Balance'!$D:$H,$B8,1)-$E8)/($F8-$E8),0)*$C8*$D8,4) | H8: =ROUND(IFERROR((INDEX('Level Balance'!$D:$H,$B8,2)-$E8)/($F8-$E8),0)*$C8*$D8,4) | I8: =ROUND(IFERROR((INDEX('Level Balance'!$D:$H,$B8,3)-$E8)/($F8-$E8),0)*$C8*$D8,4) | J8: =ROUND(IFERROR((INDEX('Level Balance'!$D:$H,$B8,4)-$E8)/($F8-$E8),0)*$C8*$D8,4) | K8: =ROUND(IFERROR((INDEX('Level Balance'!$D:$H,$B8,5)-$E8)/($F8-$E8),0)*$C8*$D8,4)
A9: Cancer Cells Can Attack Healthy | B9: =MATCH($A9,'Level Balance'!$A:$A,0) | C9: =INDEX('Difficulty Weighting'!$D:$D,MATCH($A9,'Difficulty Weighting'!$A:$A,0)) | D9: =IF(INDEX('Difficulty Weighting'!$C:$C,MATCH($A9,'Difficulty Weighting'!$A:$A,0))="Increases",1,IF(INDEX('Difficulty Weighting'!$C:$C,MATCH($A9,'Difficulty Weighting'!$A:$A,0))="Decreases",-1,0)) | E9: =MIN(INDEX('Level Balance'!$D:$H,$B9,1):INDEX('Level Balance'!$D:$H,$B9,5)) | F9: =MAX(INDEX('Level Balance'!$D:$H,$B9,1):INDEX('Level Balance'!$D:$H,$B9,5)) | G9: =ROUND(IFERROR((INDEX('Level Balance'!$D:$H,$B9,1)-$E9)/($F9-$E9),0)*$C9*$D9,4) | H9: =ROUND(IFERROR((INDEX('Level Balance'!$D:$H,$B9,2)-$E9)/($F9-$E9),0)*$C9*$D9,4) | I9: =ROUND(IFERROR((INDEX('Level Balance'!$D:$H,$B9,3)-$E9)/($F9-$E9),0)*$C9*$D9,4) | J9: =ROUND(IFERROR((INDEX('Level Balance'!$D:$H,$B9,4)-$E9)/($F9-$E9),0)*$C9*$D9,4) | K9: =ROUND(IFERROR((INDEX('Level Balance'!$D:$H,$B9,5)-$E9)/($F9-$E9),0)*$C9*$D9,4)
A10: R-Cell Share (%) | B10: =MATCH($A10,'Level Balance'!$A:$A,0) | C10: =INDEX('Difficulty Weighting'!$D:$D,MATCH($A10,'Difficulty Weighting'!$A:$A,0)) | D10: =IF(INDEX('Difficulty Weighting'!$C:$C,MATCH($A10,'Difficulty Weighting'!$A:$A,0))="Increases",1,IF(INDEX('Difficulty Weighting'!$C:$C,MATCH($A10,'Difficulty Weighting'!$A:$A,0))="Decreases",-1,0)) | E10: =MIN(INDEX('Level Balance'!$D:$H,$B10,1):INDEX('Level Balance'!$D:$H,$B10,5)) | F10: =MAX(INDEX('Level Balance'!$D:$H,$B10,1):INDEX('Level Balance'!$D:$H,$B10,5)) | G10: =ROUND(IFERROR((INDEX('Level Balance'!$D:$H,$B10,1)-$E10)/($F10-$E10),0)*$C10*$D10,4) | H10: =ROUND(IFERROR((INDEX('Level Balance'!$D:$H,$B10,2)-$E10)/($F10-$E10),0)*$C10*$D10,4) | I10: =ROUND(IFERROR((INDEX('Level Balance'!$D:$H,$B10,3)-$E10)/($F10-$E10),0)*$C10*$D10,4) | J10: =ROUND(IFERROR((INDEX('Level Balance'!$D:$H,$B10,4)-$E10)/($F10-$E10),0)*$C10*$D10,4) | K10: =ROUND(IFERROR((INDEX('Level Balance'!$D:$H,$B10,5)-$E10)/($F10-$E10),0)*$C10*$D10,4)
A11: T-Cell Share (%) | B11: =MATCH($A11,'Level Balance'!$A:$A,0) | C11: =INDEX('Difficulty Weighting'!$D:$D,MATCH($A11,'Difficulty Weighting'!$A:$A,0)) | D11: =IF(INDEX('Difficulty Weighting'!$C:$C,MATCH($A11,'Difficulty Weighting'!$A:$A,0))="Increases",1,IF(INDEX('Difficulty Weighting'!$C:$C,MATCH($A11,'Difficulty Weighting'!$A:$A,0))="Decreases",-1,0)) | E11: =MIN(INDEX('Level Balance'!$D:$H,$B11,1):INDEX('Level Balance'!$D:$H,$B11,5)) | F11: =MAX(INDEX('Level Balance'!$D:$H,$B11,1):INDEX('Level Balance'!$D:$H,$B11,5)) | G11: =ROUND(IFERROR((INDEX('Level Balance'!$D:$H,$B11,1)-$E11)/($F11-$E11),0)*$C11*$D11,4) | H11: =ROUND(IFERROR((INDEX('Level Balance'!$D:$H,$B11,2)-$E11)/($F11-$E11),0)*$C11*$D11,4) | I11: =ROUND(IFERROR((INDEX('Level Balance'!$D:$H,$B11,3)-$E11)/($F11-$E11),0)*$C11*$D11,4) | J11: =ROUND(IFERROR((INDEX('Level Balance'!$D:$H,$B11,4)-$E11)/($F11-$E11),0)*$C11*$D11,4) | K11: =ROUND(IFERROR((INDEX('Level Balance'!$D:$H,$B11,5)-$E11)/($F11-$E11),0)*$C11*$D11,4)
A12: K-Cell Share (%) | B12: =MATCH($A12,'Level Balance'!$A:$A,0) | C12: =INDEX('Difficulty Weighting'!$D:$D,MATCH($A12,'Difficulty Weighting'!$A:$A,0)) | D12: =IF(INDEX('Difficulty Weighting'!$C:$C,MATCH($A12,'Difficulty Weighting'!$A:$A,0))="Increases",1,IF(INDEX('Difficulty Weighting'!$C:$C,MATCH($A12,'Difficulty Weighting'!$A:$A,0))="Decreases",-1,0)) | E12: =MIN(INDEX('Level Balance'!$D:$H,$B12,1):INDEX('Level Balance'!$D:$H,$B12,5)) | F12: =MAX(INDEX('Level Balance'!$D:$H,$B12,1):INDEX('Level Balance'!$D:$H,$B12,5)) | G12: =ROUND(IFERROR((INDEX('Level Balance'!$D:$H,$B12,1)-$E12)/($F12-$E12),0)*$C12*$D12,4) | H12: =ROUND(IFERROR((INDEX('Level Balance'!$D:$H,$B12,2)-$E12)/($F12-$E12),0)*$C12*$D12,4) | I12: =ROUND(IFERROR((INDEX('Level Balance'!$D:$H,$B12,3)-$E12)/($F12-$E12),0)*$C12*$D12,4) | J12: =ROUND(IFERROR((INDEX('Level Balance'!$D:$H,$B12,4)-$E12)/($F12-$E12),0)*$C12*$D12,4) | K12: =ROUND(IFERROR((INDEX('Level Balance'!$D:$H,$B12,5)-$E12)/($F12-$E12),0)*$C12*$D12,4)
A13: Cancer Cell Share (%) | B13: =MATCH($A13,'Level Balance'!$A:$A,0) | C13: =INDEX('Difficulty Weighting'!$D:$D,MATCH($A13,'Difficulty Weighting'!$A:$A,0)) | D13: =IF(INDEX('Difficulty Weighting'!$C:$C,MATCH($A13,'Difficulty Weighting'!$A:$A,0))="Increases",1,IF(INDEX('Difficulty Weighting'!$C:$C,MATCH($A13,'Difficulty Weighting'!$A:$A,0))="Decreases",-1,0)) | E13: =MIN(INDEX('Level Balance'!$D:$H,$B13,1):INDEX('Level Balance'!$D:$H,$B13,5)) | F13: =MAX(INDEX('Level Balance'!$D:$H,$B13,1):INDEX('Level Balance'!$D:$H,$B13,5)) | G13: =ROUND(IFERROR((INDEX('Level Balance'!$D:$H,$B13,1)-$E13)/($F13-$E13),0)*$C13*$D13,4) | H13: =ROUND(IFERROR((INDEX('Level Balance'!$D:$H,$B13,2)-$E13)/($F13-$E13),0)*$C13*$D13,4) | I13: =ROUND(IFERROR((INDEX('Level Balance'!$D:$H,$B13,3)-$E13)/($F13-$E13),0)*$C13*$D13,4) | J13: =ROUND(IFERROR((INDEX('Level Balance'!$D:$H,$B13,4)-$E13)/($F13-$E13),0)*$C13*$D13,4) | K13: =ROUND(IFERROR((INDEX('Level Balance'!$D:$H,$B13,5)-$E13)/($F13-$E13),0)*$C13*$D13,4)
... A35: Healthy Cell HP -- K-Cell (counter-attack) | B35: =MATCH($A35,'Level Balance'!$A:$A,0) | C35: =INDEX('Difficulty Weighting'!$D:$D,MATCH($A35,'Difficulty Weighting'!$A:$A,0)) | D35: =IF(INDEX('Difficulty Weighting'!$C:$C,MATCH($A35,'Difficulty Weighting'!$A:$A,0))="Increases",1,IF(INDEX('Difficulty Weighting'!$C:$C,MATCH($A35,'Difficulty Weighting'!$A:$A,0))="Decreases",-1,0)) | E35: =MIN(INDEX('Level Balance'!$D:$H,$B35,1):INDEX('Level Balance'!$D:$H,$B35,5)) | F35: =MAX(INDEX('Level Balance'!$D:$H,$B35,1):INDEX('Level Balance'!$D:$H,$B35,5)) | G35: =ROUND(IFERROR((INDEX('Level Balance'!$D:$H,$B35,1)-$E35)/($F35-$E35),0)*$C35*$D35,4) | H35: =ROUND(IFERROR((INDEX('Level Balance'!$D:$H,$B35,2)-$E35)/($F35-$E35),0)*$C35*$D35,4) | I35: =ROUND(IFERROR((INDEX('Level Balance'!$D:$H,$B35,3)-$E35)/($F35-$E35),0)*$C35*$D35,4) | J35: =ROUND(IFERROR((INDEX('Level Balance'!$D:$H,$B35,4)-$E35)/($F35-$E35),0)*$C35*$D35,4) | K35: =ROUND(IFERROR((INDEX('Level Balance'!$D:$H,$B35,5)-$E35)/($F35-$E35),0)*$C35*$D35,4)
A36: TOTAL WEIGHTED SCORE | G36: =SUM(G2:G35) | H36: =SUM(H2:H35) | I36: =SUM(I2:I35) | J36: =SUM(J2:J35) | K36: =SUM(K2:K35)
A37: DIFFICULTY INDEX (0-100) | G37: =ROUND((G36-MIN(G36:K36))/(MAX(G36:K36)-MIN(G36:K36))*100,1) | H37: =ROUND((H36-MIN(G36:K36))/(MAX(G36:K36)-MIN(G36:K36))*100,1) | I37: =ROUND((I36-MIN(G36:K36))/(MAX(G36:K36)-MIN(G36:K36))*100,1) | J37: =ROUND((J36-MIN(G36:K36))/(MAX(G36:K36)-MIN(G36:K36))*100,1) | K37: =ROUND((K36-MIN(G36:K36))/(MAX(G36:K36)-MIN(G36:K36))*100,1)
A39: How this is computed: each parameter’s Level 1-5 values are min-max normalized to 0-1 (Tutorial excluded), multiplied by its Weight and by +1/-1 depending on whether it Increases or Decreases difficulty (from the Difficulty Weighting sheet), then summed per level into a TOTAL WEIGHTED SCORE. The DIFFICULTY INDEX rescales that total to 0-100 across Level 1-5 so the hardest of the five reads 100 and the easiest reads 0 -- it is a relative ranking of these five levels against each other, not an absolute difficulty unit. All cells above are live formulas: editing any value on the Level Balance sheet, or any Weight/Direction on the Difficulty Weighting sheet, recalculates this entire sheet.
